{
  "version": 1,
  "author": "Caetano, Victor e Kaua",
  "editor": "wokwi",
  "parts": [
    { "type": "board-esp32-devkit-c-v4", "id": "esp", "top": -38.4, "left": 52.84, "attrs": {} },
    { "type": "wokwi-led", "id": "led1", "top": -13.2, "left": 3.8, "attrs": { "color": "red" } },
    {
      "type": "wokwi-resistor",
      "id": "r1",
      "top": 52.8,
      "left": -38.95,
      "rotate": 90,
      "attrs": { "value": "1000" }
    },
    {
      "type": "wokwi-buzzer",
      "id": "bz1",
      "top": 136.8,
      "left": 213,
      "attrs": { "volume": "0.1" }
    },
    {
      "type": "wokwi-pir-motion-sensor",
      "id": "pir1",
      "top": -111.2,
      "left": 223.02,
      "attrs": {}
    },
    {
      "type": "wokwi-photoresistor-sensor",
      "id": "ldr1",
      "top": -54.4,
      "left": -229.6,
      "attrs": {}
    },
    {
      "type": "wokwi-resistor",
      "id": "r2",
      "top": -111.25,
      "left": -28.8,
      "attrs": { "value": "1000" }
    }
  ],
  "connections": [
    [ "esp:TX", "$serialMonitor:RX", "", [] ],
    [ "esp:RX", "$serialMonitor:TX", "", [] ],
    [ "pir1:VCC", "esp:3V3", "red", [ "v0", "h-96", "v-28.8", "h-124.8" ] ],
    [ "pir1:GND", "esp:GND.2", "black", [ "v0" ] ],
    [ "pir1:OUT", "esp:2", "green", [ "v0" ] ],
    [ "esp:GND.2", "bz1:1", "black", [ "v0", "h48", "v230.4" ] ],
    [ "esp:16", "bz1:2", "green", [ "h28.8", "v144", "h67.2", "v-19.2" ] ],
    [ "esp:17", "led1:A", "green", [ "h9.6", "v105.6", "h-153.6" ] ],
    [ "led1:C", "r1:2", "green", [ "v0" ] ],
    [ "esp:GND.2", "r1:1", "black", [ "v-57.6", "h-163.2", "v153.6" ] ],
    [ "ldr1:VCC", "esp:3V3", "red", [ "h0" ] ],
    [ "ldr1:GND", "r2:1", "black", [ "h9.6", "v-77.2" ] ],
    [ "r2:2", "esp:GND.2", "black", [ "v0", "h114" ] ],
    [ "ldr1:AO", "esp:34", "green", [ "h96", "v8.9" ] ]
  ],
  "dependencies": {}
}